timestep,time,request_rate,replicas,latency_p95,cpu_usage,slo_violated,scaling_action
0,2026-02-27 18:20:36.386537,1049.6714153011233,3,43.49890471767041,95.0,False,1
1,2026-02-27 18:20:46.386552,996.2465466816469,3,43.32082182227216,95.0,False,0
2,2026-02-27 18:20:56.386557,1084.91321038618,3,43.61637736795393,95.0,False,0
3,2026-02-27 18:21:06.386561,1182.5155282046192,3,43.94171842734873,95.0,False,0
4,2026-02-27 18:21:16.386564,1016.8606010276893,3,43.38953533675897,95.0,False,0
5,2026-02-27 18:21:26.386567,1026.919253187391,3,43.4230641772913,95.0,False,0
6,2026-02-27 18:21:36.386569,1218.3032607713915,2,46.091516303856956,95.0,False,1
7,2026-02-27 18:21:46.386572,1147.1649092055188,2,45.735824546027594,95.0,False,0
8,2026-02-27 18:21:56.386575,1033.502289790511,2,45.16751144895255,95.0,False,0
9,2026-02-27 18:22:06.386578,1144.7212699237061,2,45.72360634961853,95.0,False,0
10,2026-02-27 18:22:16.386581,1054.1246906376432,2,45.270623453188215,95.0,False,0
11,2026-02-27 18:22:26.386584,1063.8787504476584,2,45.31939375223829,95.0,False,0
12,2026-02-27 18:22:36.386587,1144.6157072638139,2,45.72307853631907,95.0,False,0
13,2026-02-27 18:22:46.386590,939.0401180217847,2,44.695200590108925,95.0,False,0
14,2026-02-27 18:22:56.386593,967.8043523824681,2,44.83902176191234,95.0,False,0
15,2026-02-27 18:23:06.386595,1093.9731325867665,2,45.469865662933834,95.0,False,0
16,2026-02-27 18:23:16.386598,1058.8007095769933,2,45.29400354788497,95.0,False,0
17,2026-02-27 18:23:26.386601,1201.3651104591672,2,46.00682555229584,95.0,False,0
18,2026-02-27 18:23:36.386604,1088.9675820174646,2,45.44483791008732,95.0,False,0
19,2026-02-27 18:23:46.386607,1048.3407301495693,2,45.241703650747844,95.0,False,0
20,2026-02-27 18:23:56.386610,1345.907032313957,2,46.729535161569785,95.0,False,0
21,2026-02-27 18:24:06.386612,1186.5039757838317,2,45.93251987891916,95.0,False,0
22,2026-02-27 18:24:16.386615,1225.5407278415062,2,46.12770363920753,95.0,False,0
23,2026-02-27 18:24:26.386618,1085.9847025342985,2,45.42992351267149,95.0,False,0
24,2026-02-27 18:24:36.386621,1183.6566413414903,2,45.91828320670745,95.0,False,0
25,2026-02-27 18:24:46.386624,1258.7848166142112,2,46.293924083071055,95.0,False,0
26,2026-02-27 18:24:56.386627,1142.1515733013664,2,45.71075786650683,95.0,False,0
27,2026-02-27 18:25:06.386630,1304.3383203961357,2,46.52169160198068,95.0,False,0
28,2026-02-27 18:25:16.386633,1216.1799422381055,2,46.080899711190526,95.0,False,0
29,2026-02-27 18:25:26.386636,1256.5059318080102,2,46.28252965904005,95.0,False,0
30,2026-02-27 18:25:36.386639,1234.890848692991,2,46.17445424346496,95.0,False,0
31,2026-02-27 18:25:46.386641,1489.6287509298604,2,47.4481437546493,95.0,False,0
32,2026-02-27 18:25:56.386644,1312.3423712826839,2,46.56171185641342,95.0,False,0
33,2026-02-27 18:26:06.386647,1217.162427784497,2,46.085812138922485,95.0,False,0
34,2026-02-27 18:26:16.386650,1414.378239276878,2,47.07189119638439,95.0,False,0
35,2026-02-27 18:26:26.386653,1219.176953852992,2,46.09588476926496,95.0,False,0
36,2026-02-27 18:26:36.386656,1371.2311438138172,2,46.856155719069086,95.0,False,0
37,2026-02-27 18:26:46.386659,1163.4056919291077,2,45.81702845964554,95.0,False,0
38,2026-02-27 18:26:56.386661,1235.5250426387277,2,46.177625213193636,95.0,False,0
39,2026-02-27 18:27:06.386664,1396.9423152353497,2,46.98471157617675,95.0,False,0
40,2026-02-27 18:27:16.386667,1459.9555816357567,2,47.29977790817878,95.0,False,0
41,2026-02-27 18:27:26.386671,1412.0372680533553,2,47.060186340266775,95.0,False,0
42,2026-02-27 18:27:36.386673,1392.0645184519437,2,46.96032259225972,95.0,False,0
43,2026-02-27 18:27:46.386676,1382.1838904208555,2,46.91091945210428,95.0,False,0
44,2026-02-27 18:27:56.386679,1273.0416069848584,2,46.365208034924294,95.0,False,0
45,2026-02-27 18:28:06.386682,1357.4422005605986,2,46.78721100280299,95.0,False,0
46,2026-02-27 18:28:16.386685,1391.8274761828843,2,46.95913738091442,95.0,False,0
47,2026-02-27 18:28:26.386688,1551.998882237854,2,47.75999441118927,95.0,False,0
48,2026-02-27 18:28:36.386692,1488.973038333276,2,47.44486519166638,95.0,False,0
49,2026-02-27 18:28:46.386694,1286.559667207165,2,46.43279833603582,95.0,False,0
50,2026-02-27 18:28:56.386698,1503.4511682670015,2,47.51725584133501,95.0,False,0
51,2026-02-27 18:29:06.386701,1440.6389503323833,2,47.20319475166192,95.0,False,0
52,2026-02-27 18:29:16.386704,1419.4834189380495,2,47.09741709469025,95.0,False,0
53,2026-02-27 18:29:26.386708,1556.2944491253393,2,47.781472245626695,95.0,False,0
54,2026-02-27 18:29:36.386712,1606.0994738171894,2,48.03049736908595,95.0,False,0
55,2026-02-27 18:29:46.386715,1603.9204866808318,2,48.01960243340416,95.0,False,0
56,2026-02-27 18:29:56.386719,1434.5826919890608,2,47.172913459945306,95.0,False,0
57,2026-02-27 18:30:06.386722,1495.2129699135946,2,47.476064849567976,95.0,False,0
58,2026-02-27 18:30:16.386725,1566.8068978099427,2,47.834034489049714,95.0,False,0
59,2026-02-27 18:30:26.386729,1638.696802099576,2,48.19348401049788,95.0,False,0
60,2026-02-27 18:30:36.386732,1500.6008048457438,2,47.503004024228716,95.0,False,0
61,2026-02-27 18:30:46.386735,1537.2413053127548,2,47.68620652656377,95.0,False,0
62,2026-02-27 18:30:56.386738,1452.3745594019395,2,47.2618727970097,95.0,False,0
63,2026-02-27 18:31:06.386740,1450.4989860321152,2,47.25249493016058,95.0,False,0
64,2026-02-27 18:31:16.386743,1658.3934326232527,2,48.29196716311626,95.0,False,0
65,2026-02-27 18:31:26.386747,1719.694552313199,2,48.59847276156599,95.0,False,0
66,2026-02-27 18:31:36.386750,1583.7066348289572,2,47.918533174144784,95.0,False,0
67,2026-02-27 18:31:46.386753,1698.0043487771377,2,48.49002174388569,95.0,False,0
68,2026-02-27 18:31:56.386755,1640.4633188285798,2,48.2023165941429,95.0,False,0
69,2026-02-27 18:32:06.386758,1546.3405894218763,2,47.73170294710938,95.0,False,0
70,2026-02-27 18:32:16.386761,1653.4481262922661,2,48.267240631461334,95.0,False,0
71,2026-02-27 18:32:26.386764,1777.4703519800223,2,48.88735175990011,95.0,False,0
72,2026-02-27 18:32:36.386766,1626.343341696911,2,48.131716708484554,95.0,False,0
73,2026-02-27 18:32:46.386769,1792.5496897726168,2,48.96274844886308,95.0,False,0
74,2026-02-27 18:32:56.386772,1380.1693441349003,2,46.9008467206745,95.0,False,0
75,2026-02-27 18:33:06.386775,1730.2908265529197,2,48.6514541327646,95.0,False,0
76,2026-02-27 18:33:16.386777,1662.659251320403,2,48.313296256602015,95.0,False,0
77,2026-02-27 18:33:26.386782,1629.8040965226733,2,48.149020482613366,95.0,False,0
78,2026-02-27 18:33:36.386785,1674.5266033069565,2,48.372633016534785,95.0,False,0
79,2026-02-27 18:33:46.386788,1472.133840191631,2,47.36066920095816,95.0,False,0
80,2026-02-27 18:33:56.386791,1654.357382407768,2,48.27178691203884,95.0,False,0
81,2026-02-27 18:34:06.386793,1717.3624399151797,2,48.5868121995759,95.0,False,0
82,2026-02-27 18:34:16.386796,1834.6591263350035,2,49.17329563167502,95.0,False,0
83,2026-02-27 18:34:26.386799,1640.1523392807333,2,48.20076169640367,95.0,False,0
84,2026-02-27 18:34:36.386802,1616.1299301080037,2,48.08064965054002,95.0,False,0
85,2026-02-27 18:34:46.386805,1651.693012655631,2,48.25846506327815,95.0,False,0
86,2026-02-27 18:34:56.386807,1798.187077533812,2,48.99093538766906,95.0,False,0
87,2026-02-27 18:35:06.386810,1744.1880900596334,2,48.720940450298166,95.0,False,0
88,2026-02-27 18:35:16.386813,1662.8902968380162,2,48.31445148419008,95.0,False,0
89,2026-02-27 18:35:26.386816,1771.6329015285196,2,48.8581645076426,95.0,False,0
90,2026-02-27 18:35:36.386819,1734.3395531206897,2,48.67169776560345,95.0,False,0
91,2026-02-27 18:35:46.386821,1825.7070503649613,2,49.12853525182481,95.0,False,0
92,2026-02-27 18:35:56.386824,1662.7324406124062,2,48.31366220306203,95.0,False,0
93,2026-02-27 18:36:06.386828,1704.1505303177055,2,48.52075265158852,95.0,False,0
94,2026-02-27 18:36:16.386831,1701.5680900802017,2,48.507840450401005,95.0,False,0
95,2026-02-27 18:36:26.386834,1598.172124108009,2,47.99086062054005,95.0,False,0
96,2026-02-27 18:36:36.386836,1777.7623195612553,2,48.888811597806274,95.0,False,0
97,2026-02-27 18:36:46.386839,1777.7638764208039,2,48.88881938210402,95.0,False,0
98,2026-02-27 18:36:56.386842,1755.5585804441089,2,48.77779290222055,95.0,False,0
99,2026-02-27 18:37:06.386845,1734.857697957121,2,48.6742884897856,95.0,False,0
100,2026-02-27 18:37:16.386848,3119.9282862300756,2,55.599641431150374,95.0,False,0
101,2026-02-27 18:37:26.386850,3222.429050674219,2,56.1121452533711,95.0,False,0
102,2026-02-27 18:37:36.386853,3233.129147078938,2,56.16564573539469,95.0,False,0
103,2026-02-27 18:37:46.386856,3189.958219962341,2,55.949791099811705,95.0,False,0
104,2026-02-27 18:37:56.386859,3256.72061463943,2,56.28360307319715,95.0,False,0
105,2026-02-27 18:38:06.386861,3315.794978934092,2,56.57897489467046,95.0,False,0
106,2026-02-27 18:38:16.386864,3466.4262565285835,2,57.33213128264292,95.0,False,0
107,2026-02-27 18:38:26.386867,3297.5599032277332,2,56.487799516138665,95.0,False,0
108,2026-02-27 18:38:36.386870,3308.027935161216,2,56.54013967580608,95.0,False,0
109,2026-02-27 18:38:46.386875,3276.875053098418,2,56.38437526549209,95.0,False,0
110,2026-02-27 18:38:56.386879,3094.3649216709073,2,55.47182460835454,95.0,False,0
111,2026-02-27 18:39:06.386882,3285.3883993344234,2,56.42694199667211,95.0,False,0
112,2026-02-27 18:39:16.386885,3295.735611681233,2,56.47867805840616,95.0,False,0
113,2026-02-27 18:39:26.386888,3537.5844006577972,2,57.68792200328899,95.0,False,0
114,2026-02-27 18:39:36.386891,3273.4462412034068,2,56.36723120601704,95.0,False,0
115,2026-02-27 18:39:46.386894,3324.13354426256,2,56.6206677213128,95.0,False,0
116,2026-02-27 18:39:56.386896,3291.678223932406,2,56.45839111966203,95.0,False,0
117,2026-02-27 18:40:06.386899,3179.3261209492775,2,55.89663060474639,95.0,False,0
118,2026-02-27 18:40:16.386902,3411.394497301439,2,57.05697248650719,95.0,False,0
119,2026-02-27 18:40:26.386905,3373.097431997138,2,56.86548715998569,95.0,False,0
120,2026-02-27 18:40:36.386908,1877.6727324971753,2,49.38836366248587,95.0,False,0
121,2026-02-27 18:40:46.386911,1708.1695920663262,2,48.54084796033163,95.0,False,0
122,2026-02-27 18:40:56.386914,1939.7998736567831,2,49.698999368283914,95.0,False,0
123,2026-02-27 18:41:06.386917,1659.6206812285168,2,48.29810340614259,95.0,False,0
124,2026-02-27 18:41:16.386920,1858.6500365194913,2,49.29325018259746,95.0,False,0
125,2026-02-27 18:41:26.386923,2019.0415989036428,2,50.09520799451821,95.0,False,0
126,2026-02-27 18:41:36.386925,1700.8472775168811,2,48.504236387584406,95.0,False,0
127,2026-02-27 18:41:46.386928,1743.0491903829127,2,48.71524595191457,95.0,False,0
128,2026-02-27 18:41:56.386931,1809.295367959695,2,49.04647683979847,95.0,False,0
129,2026-02-27 18:42:06.386935,1748.5072042312975,2,48.74253602115649,95.0,False,0
130,2026-02-27 18:42:16.386938,1643.186310194689,2,48.215931550973444,95.0,False,0
131,2026-02-27 18:42:26.386941,1804.3802753693028,2,49.021901376846515,95.0,False,0
132,2026-02-27 18:42:36.386944,1690.4384875604387,2,48.452192437802196,95.0,False,0
133,2026-02-27 18:42:46.386947,1843.046675072814,2,49.21523337536407,95.0,False,0
134,2026-02-27 18:42:56.386949,1702.6374292945193,2,48.513187146472596,95.0,False,0
135,2026-02-27 18:43:06.386952,1948.3397371619174,2,49.74169868580959,95.0,False,0
136,2026-02-27 18:43:16.386955,1713.6616301767697,2,48.56830815088385,95.0,False,0
137,2026-02-27 18:43:26.386958,1758.2959048643238,2,48.791479524321616,95.0,False,0
138,2026-02-27 18:43:36.386961,1870.2435450447517,2,49.35121772522376,95.0,False,0
139,2026-02-27 18:43:46.386964,1664.070083530307,2,48.32035041765154,95.0,False,0
140,2026-02-27 18:43:56.386967,1808.0424006677129,2,49.04021200333857,95.0,False,0
141,2026-02-27 18:44:06.386969,1914.0260697478786,2,49.5701303487394,95.0,False,0
142,2026-02-27 18:44:16.386972,1620.4546677052972,2,48.10227333852649,95.0,False,0
143,2026-02-27 18:44:26.386975,1797.433717926354,2,48.98716858963177,95.0,False,0
144,2026-02-27 18:44:36.386978,1802.6024504568154,2,49.01301225228408,95.0,False,0
145,2026-02-27 18:44:46.386981,1852.3171687735587,2,49.26158584386779,95.0,False,0
146,2026-02-27 18:44:56.386984,1647.8377857561468,2,48.239188928780734,95.0,False,0
147,2026-02-27 18:45:06.386986,1636.76284800628,2,48.183814240031396,95.0,False,0
148,2026-02-27 18:45:16.386989,1818.1564275018104,2,49.09078213750905,95.0,False,0
149,2026-02-27 18:45:26.386993,1792.6930603007459,2,48.96346530150373,95.0,False,0
150,2026-02-27 18:45:36.386996,1784.9552309721053,2,48.924776154860524,95.0,False,0
151,2026-02-27 18:45:46.386999,1791.3416404600368,2,48.956708202300184,95.0,False,0
152,2026-02-27 18:45:56.387002,1685.3652503294109,2,48.42682625164706,95.0,False,0
153,2026-02-27 18:46:06.387005,1773.1445523965015,2,48.86572276198251,95.0,False,0
154,2026-02-27 18:46:16.387007,1775.6589941688242,2,48.878294970844124,95.0,False,0
155,2026-02-27 18:46:26.387010,1671.2308387598687,2,48.35615419379934,95.0,False,0
156,2026-02-27 18:46:36.387013,1925.4399193258196,2,49.6271995966291,95.0,False,0
157,2026-02-27 18:46:46.387016,1782.3251049050118,2,48.91162552452506,95.0,False,0
158,2026-02-27 18:46:56.387019,1611.7742862505295,2,48.05887143125265,95.0,False,0
159,2026-02-27 18:47:06.387022,1792.4069386203391,2,48.9620346931017,95.0,False,0
160,2026-02-27 18:47:16.387025,1625.015129596743,2,48.125075647983714,95.0,False,0
161,2026-02-27 18:47:26.387028,1796.8089296477854,2,48.98404464823893,95.0,False,0
162,2026-02-27 18:47:36.387031,1829.4633484958247,2,49.14731674247912,95.0,False,0
163,2026-02-27 18:47:46.387034,1626.925741675444,2,48.13462870837722,95.0,False,0
164,2026-02-27 18:47:56.387036,1800.609361808615,2,49.00304680904308,95.0,False,0
165,2026-02-27 18:48:06.387039,1740.715958095156,2,48.70357979047578,95.0,False,0
166,2026-02-27 18:48:16.387042,1776.6991054507223,2,48.883495527253615,95.0,False,0
167,2026-02-27 18:48:26.387045,1879.1175032690257,2,49.39558751634513,95.0,False,0
168,2026-02-27 18:48:36.387048,1659.7352018856063,2,48.298676009428036,95.0,False,0
169,2026-02-27 18:48:46.387051,1603.6277172197285,2,48.018138586098644,95.0,False,0
170,2026-02-27 18:48:56.387054,1584.669558507543,2,47.92334779253771,95.0,False,0
171,2026-02-27 18:49:06.387056,1586.5528414586695,2,47.932764207293346,95.0,False,0
172,2026-02-27 18:49:16.387059,1654.8306381274035,2,48.274153190637016,95.0,False,0
173,2026-02-27 18:49:26.387063,1690.9579030451287,2,48.45478951522564,95.0,False,0
174,2026-02-27 18:49:36.387066,1678.7095427787297,2,48.393547713893646,95.0,False,0
175,2026-02-27 18:49:46.387069,1727.853325736534,2,48.63926662868267,95.0,False,0
176,2026-02-27 18:49:56.387072,1640.4274449951122,2,48.20213722497556,95.0,False,0
177,2026-02-27 18:50:06.387075,1778.371587983347,2,48.89185793991673,95.0,False,0
178,2026-02-27 18:50:16.387077,1600.3430594541953,2,48.00171529727098,95.0,False,0
179,2026-02-27 18:50:26.387080,1892.5168444734866,2,49.46258422236743,95.0,False,0
180,2026-02-27 18:50:36.387083,1676.6594703856085,2,48.38329735192804,95.0,False,0
181,2026-02-27 18:50:46.387086,1521.8724263492354,2,47.60936213174618,95.0,False,0
182,2026-02-27 18:50:56.387089,1493.898048418982,2,47.469490242094906,95.0,False,0
183,2026-02-27 18:51:06.387092,1642.5383723740927,2,48.21269186187047,95.0,False,0
184,2026-02-27 18:51:16.387095,1565.1544629770506,2,47.825772314885256,95.0,False,0
185,2026-02-27 18:51:26.387097,1652.017256197051,2,48.260086280985256,95.0,False,0
186,2026-02-27 18:51:36.387100,1620.9653804926554,2,48.10482690246327,95.0,False,0
187,2026-02-27 18:51:46.387103,1559.2921899319554,2,47.796460949659775,95.0,False,0
188,2026-02-27 18:51:56.387106,1474.7393448330297,2,47.37369672416515,95.0,False,0
189,2026-02-27 18:52:06.387109,1400.6889365001498,2,47.00344468250075,95.0,False,0
190,2026-02-27 18:52:16.387112,1500.1895616461509,2,47.500947808230755,95.0,False,0
191,2026-02-27 18:52:26.387115,1623.0619522729266,2,48.115309761364635,95.0,False,0
192,2026-02-27 18:52:36.387117,1551.3272575887231,2,47.756636287943614,95.0,False,0
193,2026-02-27 18:52:46.387120,1397.7557997397528,2,46.98877899869876,95.0,False,0
194,2026-02-27 18:52:56.387123,1531.9767518044848,2,47.65988375902242,95.0,False,0
195,2026-02-27 18:53:06.387126,1545.4377821764429,2,47.72718891088221,95.0,False,0
196,2026-02-27 18:53:16.387129,1410.6873180827738,2,47.05343659041387,95.0,False,0
197,2026-02-27 18:53:26.387132,1506.5334641931354,2,47.53266732096568,95.0,False,0
198,2026-02-27 18:53:36.387135,1488.9918461614561,2,47.44495923080728,95.0,False,0
199,2026-02-27 18:53:46.387138,1360.8073608469529,2,46.80403680423476,95.0,False,0
200,2026-02-27 18:53:56.387141,3002.7412174904493,2,55.01370608745225,95.0,False,0
201,2026-02-27 18:54:06.387146,3014.82499029055,2,55.07412495145275,95.0,False,0
202,2026-02-27 18:54:16.387149,3058.7629861397404,2,55.2938149306987,95.0,False,0
203,2026-02-27 18:54:26.387153,3047.4779732937586,2,55.237389866468796,95.0,False,0
204,2026-02-27 18:54:36.387156,2795.9006451143364,2,53.97950322557168,95.0,False,0
205,2026-02-27 18:54:46.387160,2831.3861358549984,2,54.15693067927499,95.0,False,0
206,2026-02-27 18:54:56.387163,2968.1058160864077,2,54.840529080432034,95.0,False,0
207,2026-02-27 18:55:06.387167,2959.348483711513,2,54.796742418557564,95.0,False,0
208,2026-02-27 18:55:16.387170,2950.7775748664685,2,54.75388787433234,95.0,False,0
209,2026-02-27 18:55:26.387174,3275.7855701577882,2,56.37892785078894,95.0,False,0
210,2026-02-27 18:55:36.387177,2938.7791731753723,2,54.69389586587686,95.0,False,0
211,2026-02-27 18:55:46.387180,2986.3638720276836,2,54.93181936013842,95.0,False,0
212,2026-02-27 18:55:56.387183,2959.2655634792604,2,54.7963278173963,95.0,False,0
213,2026-02-27 18:56:06.387187,2920.0049022955964,2,54.60002451147798,95.0,False,0
214,2026-02-27 18:56:16.387191,2814.282980495153,2,54.071414902475766,95.0,False,0
215,2026-02-27 18:56:26.387194,2912.59612832622,2,54.5629806416311,95.0,False,0
216,2026-02-27 18:56:36.387198,2750.252604121287,2,53.75126302060643,95.0,False,0
217,2026-02-27 18:56:46.387201,2794.6372551000077,2,53.97318627550004,95.0,False,0
218,2026-02-27 18:56:56.387205,2760.5162832443534,2,53.80258141622177,95.0,False,0
219,2026-02-27 18:57:06.387208,2807.9245754283625,2,54.03962287714181,95.0,False,0
220,2026-02-27 18:57:16.387212,1521.8400197522026,2,47.609200098761015,95.0,False,0
221,2026-02-27 18:57:26.387216,1094.238608011256,2,45.47119304005628,95.0,False,0
222,2026-02-27 18:57:36.387220,1340.1375648407277,2,46.70068782420364,95.0,False,0
223,2026-02-27 18:57:46.387223,1100.7433303837302,2,45.50371665191865,95.0,False,0
224,2026-02-27 18:57:56.387226,1205.2835614339158,2,46.02641780716958,95.0,False,0
225,2026-02-27 18:58:06.387230,1351.7936092608304,2,46.758968046304155,95.0,False,0
226,2026-02-27 18:58:16.387234,1239.709842642667,2,46.19854921321333,95.0,False,0
227,2026-02-27 18:58:26.387238,1115.8536684093651,2,45.579268342046824,95.0,False,0
228,2026-02-27 18:58:36.387242,1142.408625591879,2,45.7120431279594,95.0,False,0
229,2026-02-27 18:58:46.387246,1272.175702740829,2,46.360878513704144,95.0,False,0
230,2026-02-27 18:58:56.387249,1121.423818564229,2,45.607119092821144,95.0,False,0
231,2026-02-27 18:59:06.387253,1206.3200638202923,2,46.031600319101464,95.0,False,0
232,2026-02-27 18:59:16.387256,1179.4158327827422,2,45.89707916391371,95.0,False,0
233,2026-02-27 18:59:26.387262,1099.8553349747763,2,45.49927667487388,95.0,False,0
234,2026-02-27 18:59:36.387266,1369.540337227579,2,46.847701686137896,95.0,False,0
235,2026-02-27 18:59:46.387269,1208.6437914551082,2,46.04321895727554,95.0,False,0
236,2026-02-27 18:59:56.387271,932.8205625060932,2,44.664102812530466,95.0,False,0
237,2026-02-27 19:00:06.387274,1144.0417279204771,2,45.72020863960238,95.0,False,0
238,2026-02-27 19:00:16.387277,1049.2592442662087,2,45.24629622133104,95.0,False,0
239,2026-02-27 19:00:26.387280,1190.7045164067447,2,45.95352258203373,95.0,False,0
240,2026-02-27 19:00:36.387283,1016.2156809109312,2,45.08107840455466,95.0,False,0
241,2026-02-27 19:00:46.387286,1073.985546486966,2,45.36992773243483,95.0,False,0
242,2026-02-27 19:00:56.387288,1125.9358052726361,2,45.62967902636318,95.0,False,0
243,2026-02-27 19:01:06.387291,1151.9785233512696,2,45.759892616756346,95.0,False,0
244,2026-02-27 19:01:16.387294,935.328920460562,2,44.67664460230281,95.0,False,0
245,2026-02-27 19:01:26.387297,1011.8552179836292,2,45.05927608991814,95.0,False,0
246,2026-02-27 19:01:36.387299,987.7504079119277,2,44.93875203955964,95.0,False,0
247,2026-02-27 19:01:46.387303,959.8460253174978,2,44.79923012658749,95.0,False,0
248,2026-02-27 19:01:56.387306,1191.6543901501404,2,45.9582719507507,95.0,False,0
249,2026-02-27 19:02:06.387308,1045.534759312284,2,45.22767379656142,95.0,False,0
250,2026-02-27 19:02:16.387311,868.8750163503072,2,44.34437508175154,95.0,False,0
251,2026-02-27 19:02:26.387314,1076.677228583447,2,45.38338614291723,95.0,False,0
252,2026-02-27 19:02:36.387317,1187.0366711263946,2,45.93518335563197,95.0,False,0
253,2026-02-27 19:02:46.387320,1068.0015870270915,2,45.34000793513546,95.0,False,0
254,2026-02-27 19:02:56.387323,802.7576618368748,2,44.01378830918438,95.0,False,0
255,2026-02-27 19:03:06.387326,896.2180315472353,2,44.481090157736176,95.0,False,0
256,2026-02-27 19:03:16.387328,1061.288110984405,2,45.30644055492203,95.0,False,0
257,2026-02-27 19:03:26.387331,853.7959760635321,2,44.26897988031766,95.0,False,0
258,2026-02-27 19:03:36.387334,958.9227521809671,2,44.79461376090484,95.0,False,0
259,2026-02-27 19:03:46.387337,981.995650588733,2,44.90997825294367,95.0,False,0
260,2026-02-27 19:03:56.387340,801.8457699150695,2,44.00922884957535,95.0,False,0
261,2026-02-27 19:04:06.387343,878.6095736507733,2,44.393047868253866,95.0,False,0
262,2026-02-27 19:04:16.387346,550.4769695495586,2,42.75238484774779,95.0,False,0
263,2026-02-27 19:04:26.387349,762.2264146947174,2,43.81113207347359,95.0,False,0
264,2026-02-27 19:04:36.387352,829.491295637377,2,44.14745647818688,95.0,False,0
265,2026-02-27 19:04:46.387354,720.0757535084688,2,43.600378767542345,95.0,False,0
266,2026-02-27 19:04:56.387357,998.2257606578058,2,44.99112880328903,95.0,False,0
267,2026-02-27 19:05:06.387360,682.1272134115761,2,43.41063606705788,95.0,False,0
268,2026-02-27 19:05:16.387363,771.321346468207,2,43.856606732341035,95.0,False,0
269,2026-02-27 19:05:26.387367,818.6135759926668,2,44.093067879963336,95.0,False,0
270,2026-02-27 19:05:36.387370,939.9114010592502,2,44.69955700529625,95.0,False,0
271,2026-02-27 19:05:46.387373,642.4747883641805,2,43.2123739418209,95.0,False,0
272,2026-02-27 19:05:56.387376,892.6882290132005,2,44.463441145066,95.0,False,0
273,2026-02-27 19:06:06.387378,767.7414653688382,2,43.838707326844194,95.0,False,0
274,2026-02-27 19:06:16.387381,658.9505853311111,2,43.294752926655555,95.0,False,0
275,2026-02-27 19:06:26.387384,793.7335994134681,2,43.96866799706734,95.0,False,0
276,2026-02-27 19:06:36.387387,757.8910520546523,2,43.789455260273265,95.0,False,0
277,2026-02-27 19:06:46.387390,668.4667664808445,2,43.34233383240422,95.0,False,0
278,2026-02-27 19:06:56.387392,726.015081228572,2,43.63007540614286,95.0,False,0
279,2026-02-27 19:07:06.387395,671.0944772289724,2,43.35547238614486,95.0,False,0
280,2026-02-27 19:07:16.387398,711.6145730353946,2,43.558072865176975,95.0,False,0
281,2026-02-27 19:07:26.387401,757.1604294248414,2,43.78580214712421,95.0,False,0
282,2026-02-27 19:07:36.387404,840.2825658405268,2,44.20141282920263,95.0,False,0
283,2026-02-27 19:07:46.387407,548.6833245422713,2,42.74341662271136,95.0,False,0
284,2026-02-27 19:07:56.387409,876.6041311887337,2,44.38302065594367,95.0,False,0
285,2026-02-27 19:08:06.387412,458.9813150885624,2,42.29490657544281,95.0,False,0
286,2026-02-27 19:08:16.387415,629.9557133314255,2,43.149778566657126,95.0,False,0
287,2026-02-27 19:08:26.387418,694.9663335185174,2,43.47483166759259,95.0,False,0
288,2026-02-27 19:08:36.387421,655.2918787638795,2,43.276459393819394,95.0,False,0
289,2026-02-27 19:08:46.387424,556.0399259118849,2,42.78019962955943,95.0,False,0
290,2026-02-27 19:08:56.387426,588.6753538719563,2,42.94337676935978,95.0,False,0
291,2026-02-27 19:09:06.387429,551.4271002982532,2,42.75713550149126,95.0,False,0
292,2026-02-27 19:09:16.387432,533.0936356852869,2,42.66546817842644,95.0,False,0
293,2026-02-27 19:09:26.387435,668.3579203365609,2,43.341789601682805,95.0,False,0
294,2026-02-27 19:09:36.387438,610.5329087499939,2,43.05266454374997,95.0,False,0
295,2026-02-27 19:09:46.387441,497.0414585638895,2,42.485207292819446,95.0,False,0
296,2026-02-27 19:09:56.387443,647.8622194530569,2,43.239311097265286,95.0,False,0
297,2026-02-27 19:10:06.387446,580.2720902654487,2,42.90136045132724,95.0,False,0
298,2026-02-27 19:10:16.387449,622.5396742301692,2,43.11269837115085,95.0,False,0
299,2026-02-27 19:10:26.387452,596.0004027367398,2,42.9800020136837,95.0,False,0
300,2026-02-27 19:10:36.387455,441.9961082777775,4,41.104990270694444,85.24951353472218,False,1
301,2026-02-27 19:10:46.387457,460.810921663447,4,41.152027304158615,87.60136520793088,False,0
302,2026-02-27 19:10:56.387460,583.5684069137436,4,41.45892101728436,95.0,False,0
303,2026-02-27 19:11:06.387463,561.9639648404594,4,41.40490991210115,95.0,False,0
304,2026-02-27 19:11:16.387466,491.0037964000259,4,41.22750949100006,91.37547455000325,False,0
305,2026-02-27 19:11:26.387469,497.0740791115114,4,41.242685197778776,92.13425988893893,False,0
306,2026-02-27 19:11:36.387472,605.4368119678913,2,43.027184059839456,95.0,False,1
307,2026-02-27 19:11:46.387474,410.9249779407146,2,42.054624889703575,95.0,False,0
308,2026-02-27 19:11:56.387477,517.2876652764247,2,42.58643832638212,95.0,False,0
309,2026-02-27 19:12:06.387482,434.9396779037576,2,42.17469838951879,95.0,False,0
310,2026-02-27 19:12:16.387485,426.0582207085419,2,42.13029110354271,95.0,False,0
311,2026-02-27 19:12:26.387487,550.4589685588487,2,42.75229484279424,95.0,False,0
312,2026-02-27 19:12:36.387490,515.9665537011607,2,42.5798327685058,95.0,False,0
313,2026-02-27 19:12:46.387493,507.70934556476317,2,42.538546727823814,95.0,False,0
314,2026-02-27 19:12:56.387496,549.9306739275917,2,42.74965336963796,95.0,False,0
315,2026-02-27 19:13:06.387499,414.5996426536404,4,41.0364991066341,81.82495533170504,False,1
316,2026-02-27 19:13:16.387502,473.90416627972223,4,41.18476041569931,89.23802078496527,False,0
317,2026-02-27 19:13:26.387505,367.9860261155615,4,40.919965065288906,75.9982532644452,False,0
318,2026-02-27 19:13:36.387507,424.8284532579806,4,41.062071133144954,83.10355665724757,False,0
319,2026-02-27 19:13:46.387510,372.8929589541239,4,40.93223239738531,76.6116198692655,False,0
320,2026-02-27 19:13:56.387513,389.19966868474705,4,40.97299917171187,78.64995858559338,False,0
321,2026-02-27 19:14:06.387516,432.7069597657008,4,41.081767399414254,84.08836997071259,False,0
322,2026-02-27 19:14:16.387519,300.0,4,40.75,67.5,False,0
323,2026-02-27 19:14:26.387522,570.1114717612246,4,41.425278679403064,95.0,False,0
324,2026-02-27 19:14:36.387525,300.0,4,40.75,67.5,False,0
325,2026-02-27 19:14:46.387528,300.0,4,40.75,67.5,False,0
326,2026-02-27 19:14:56.387531,458.96838178654286,4,41.147420954466355,87.37104772331786,False,0
327,2026-02-27 19:15:06.387533,416.6254603274798,4,41.0415636508187,82.07818254093498,False,0
328,2026-02-27 19:15:16.387536,394.2781117500022,4,40.98569527937501,79.28476396875027,False,0
329,2026-02-27 19:15:26.387539,389.2135494563328,4,40.97303387364083,78.65169368204161,False,0
330,2026-02-27 19:15:36.387542,319.77398905983114,4,40.79943497264958,69.97174863247889,False,0
331,2026-02-27 19:15:46.387545,300.0,4,40.75,67.5,False,0
332,2026-02-27 19:15:56.387548,318.1422508157419,4,40.795355627039356,69.76778135196773,False,0
333,2026-02-27 19:16:06.387551,300.0,4,40.75,67.5,False,0
334,2026-02-27 19:16:16.387554,398.0741079402688,4,40.99518526985067,79.75926349253359,False,0
335,2026-02-27 19:16:26.387556,300.0,4,40.75,67.5,False,0
336,2026-02-27 19:16:36.387559,300.0,4,40.75,67.5,False,0
337,2026-02-27 19:16:46.387562,300.0,4,40.75,67.5,False,0
338,2026-02-27 19:16:56.387565,323.1926761540226,4,40.807981690385056,70.39908451925282,False,0
339,2026-02-27 19:17:06.387568,300.0,4,40.75,67.5,False,0
340,2026-02-27 19:17:16.387570,300.0,4,40.75,67.5,False,0
341,2026-02-27 19:17:26.387573,300.0,4,40.75,67.5,False,0
342,2026-02-27 19:17:36.387576,300.0,4,40.75,67.5,False,0
343,2026-02-27 19:17:46.387579,300.0,4,40.75,67.5,False,0
344,2026-02-27 19:17:56.387582,300.0,4,40.75,67.5,False,0
345,2026-02-27 19:18:06.387585,300.0,4,40.75,67.5,False,0
346,2026-02-27 19:18:16.387587,300.0,4,40.75,67.5,False,0
347,2026-02-27 19:18:26.387590,300.0,4,40.75,67.5,False,0
348,2026-02-27 19:18:36.387593,300.0,4,40.75,67.5,False,0
349,2026-02-27 19:18:46.387596,300.0,4,40.75,67.5,False,0
350,2026-02-27 19:18:56.387599,1768.0961635823733,4,44.420240408955934,95.0,False,0
351,2026-02-27 19:19:06.387601,1881.5733507548346,4,44.703933376887086,95.0,False,0
352,2026-02-27 19:19:16.387604,1816.9574530054942,4,44.542393632513736,95.0,False,0
353,2026-02-27 19:19:26.387609,1712.4732901597029,4,44.28118322539926,95.0,False,0
354,2026-02-27 19:19:36.387612,1723.9634976139034,4,44.30990874403476,95.0,False,0
355,2026-02-27 19:19:46.387615,1623.1328925042462,4,44.05783223126062,95.0,False,0
356,2026-02-27 19:19:56.387618,1719.1783543276379,4,44.2979458858191,95.0,False,0
357,2026-02-27 19:20:06.387620,1689.9311449465667,4,44.22482786236642,95.0,False,0
358,2026-02-27 19:20:16.387623,1748.9600617141732,4,44.37240015428543,95.0,False,0
359,2026-02-27 19:20:26.387626,1631.980498437468,4,44.07995124609367,95.0,False,0
360,2026-02-27 19:20:36.387629,1764.7781362504145,4,44.41194534062603,95.0,False,0
361,2026-02-27 19:20:46.387632,1864.382067992473,4,44.66095516998118,95.0,False,0
362,2026-02-27 19:20:56.387635,1698.6219286694227,4,44.246554821673556,95.0,False,0
363,2026-02-27 19:21:06.387637,1748.1842127995005,4,44.37046053199875,95.0,False,0
364,2026-02-27 19:21:16.387640,1775.6681025109478,4,44.43917025627737,95.0,False,0
365,2026-02-27 19:21:26.387643,1665.298100093517,4,44.16324525023379,95.0,False,0
366,2026-02-27 19:21:36.387646,1726.7218161717458,4,44.31680454042937,95.0,False,0
367,2026-02-27 19:21:46.387649,1704.5903811451303,4,44.261475952862824,95.0,False,0
368,2026-02-27 19:21:56.387652,1712.243631966183,4,44.28060907991546,95.0,False,0
369,2026-02-27 19:22:06.387655,1624.4463683131512,4,44.06111592078288,95.0,False,0
370,2026-02-27 19:22:16.387658,300.0,4,40.75,67.5,False,0
371,2026-02-27 19:22:26.387660,300.0,4,40.75,67.5,False,0
372,2026-02-27 19:22:36.387663,345.43539743631436,4,40.86358849359078,73.1794246795393,False,0
373,2026-02-27 19:22:46.387666,300.0,4,40.75,67.5,False,0
374,2026-02-27 19:22:56.387669,415.3222094285108,4,41.038305523571275,81.91527617856386,False,0
375,2026-02-27 19:23:06.387672,300.0,4,40.75,67.5,False,0
376,2026-02-27 19:23:16.387674,300.0,4,40.75,67.5,False,0
377,2026-02-27 19:23:26.387677,300.0,4,40.75,67.5,False,0
378,2026-02-27 19:23:36.387680,419.87195577596685,4,41.049679889439915,82.48399447199586,False,0
379,2026-02-27 19:23:46.387683,300.0,4,40.75,67.5,False,0
380,2026-02-27 19:23:56.387686,300.0,4,40.75,67.5,False,0
381,2026-02-27 19:24:06.387689,300.0,4,40.75,67.5,False,0
382,2026-02-27 19:24:16.387692,300.0,4,40.75,67.5,False,0
383,2026-02-27 19:24:26.387694,300.0,4,40.75,67.5,False,0
384,2026-02-27 19:24:36.387697,300.0,4,40.75,67.5,False,0
385,2026-02-27 19:24:46.387700,300.0,4,40.75,67.5,False,0
386,2026-02-27 19:24:56.387703,300.0,4,40.75,67.5,False,0
387,2026-02-27 19:25:06.387706,397.90449323445824,4,40.994761233086145,79.73806165430727,False,0
388,2026-02-27 19:25:16.387709,307.0025969392598,4,40.76750649234815,68.37532461740747,False,0
389,2026-02-27 19:25:26.387712,300.0,4,40.75,67.5,False,0
390,2026-02-27 19:25:36.387714,300.0,4,40.75,67.5,False,0
391,2026-02-27 19:25:46.387717,300.0,4,40.75,67.5,False,0
392,2026-02-27 19:25:56.387720,300.0,4,40.75,67.5,False,0
393,2026-02-27 19:26:06.387723,405.3382101779045,4,41.01334552544476,80.66727627223807,False,0
394,2026-02-27 19:26:16.387727,342.55411881949027,4,40.856385297048725,72.81926485243628,False,0
395,2026-02-27 19:26:26.387730,300.0,4,40.75,67.5,False,0
396,2026-02-27 19:26:36.387733,300.0,4,40.75,67.5,False,0
397,2026-02-27 19:26:46.387736,367.9866386849261,4,40.919966596712314,75.99832983561576,False,0
398,2026-02-27 19:26:56.387739,300.0,4,40.75,67.5,False,0
399,2026-02-27 19:27:06.387743,362.316270762229,4,40.905790676905575,75.28953384527863,False,0
400,2026-02-27 19:27:16.387746,300.0,4,40.75,67.5,False,0
401,2026-02-27 19:27:26.387751,300.0,4,40.75,67.5,False,0
402,2026-02-27 19:27:36.387754,300.0,4,40.75,67.5,False,0
403,2026-02-27 19:27:46.387757,300.0,4,40.75,67.5,False,0
404,2026-02-27 19:27:56.387760,300.0,4,40.75,67.5,False,0
405,2026-02-27 19:28:06.387763,321.5060878413324,4,40.80376521960333,70.18826098016655,False,0
406,2026-02-27 19:28:16.387766,300.0,4,40.75,67.5,False,0
407,2026-02-27 19:28:26.387768,300.0,4,40.75,67.5,False,0
408,2026-02-27 19:28:36.387771,300.0,4,40.75,67.5,False,0
409,2026-02-27 19:28:46.387774,326.8120852199895,4,40.817030213049975,70.85151065249869,False,0
410,2026-02-27 19:28:56.387777,350.8553295917051,4,40.87713832397926,73.85691619896313,False,0
411,2026-02-27 19:29:06.387780,300.0,4,40.75,67.5,False,0
412,2026-02-27 19:29:16.387782,300.0,4,40.75,67.5,False,0
413,2026-02-27 19:29:26.387785,421.1208164262464,4,41.05280204106562,82.6401020532808,False,0
414,2026-02-27 19:29:36.387788,331.3626841838743,4,40.82840671045969,71.42033552298429,False,0
415,2026-02-27 19:29:46.387791,300.0,4,40.75,67.5,False,0
416,2026-02-27 19:29:56.387793,463.13583644415405,4,41.15783959111039,87.89197955551926,False,0
417,2026-02-27 19:30:06.387796,324.69774156843374,4,40.811744353921085,70.58721769605421,False,0
418,2026-02-27 19:30:16.387799,436.2785356423774,4,41.090696339105946,84.53481695529717,False,0
419,2026-02-27 19:30:26.387802,330.42727694949167,4,40.82606819237373,71.30340961868646,False,0
420,2026-02-27 19:30:36.387805,535.1840608364782,4,41.3379601520912,95.0,False,0
421,2026-02-27 19:30:46.387807,510.18355859091355,4,41.27545889647728,93.7729448238642,False,0
422,2026-02-27 19:30:56.387810,315.3987535828326,4,40.78849688395708,69.42484419785407,False,0
423,2026-02-27 19:31:06.387813,443.20255059884954,4,41.10800637649712,85.40031882485619,False,0
424,2026-02-27 19:31:16.387816,416.437018843117,4,41.041092547107795,82.05462735538963,False,0
425,2026-02-27 19:31:26.387819,494.7193012093594,4,41.2367982530234,91.83991265116993,False,0
426,2026-02-27 19:31:36.387821,300.0,4,40.75,67.5,False,0
427,2026-02-27 19:31:46.387824,438.67920039193723,4,41.09669800097984,84.83490004899215,False,0
428,2026-02-27 19:31:56.387827,482.1757533515329,4,41.20543938337883,90.27196916894161,False,0
429,2026-02-27 19:32:06.387830,300.0,4,40.75,67.5,False,0
430,2026-02-27 19:32:16.387833,300.0,4,40.75,67.5,False,0
431,2026-02-27 19:32:26.387835,300.0,4,40.75,67.5,False,0
432,2026-02-27 19:32:36.387838,375.4082575676084,4,40.93852064391902,76.92603219595105,False,0
433,2026-02-27 19:32:46.387841,480.8465785926054,4,41.20211644648151,90.10582232407567,False,0
434,2026-02-27 19:32:56.387844,566.165155753486,4,41.41541288938372,95.0,False,0
435,2026-02-27 19:33:06.387847,430.26862765814474,4,41.07567156914536,83.78357845726809,False,0
436,2026-02-27 19:33:16.387849,592.7419061169464,4,41.48185476529237,95.0,False,0
437,2026-02-27 19:33:26.387852,300.0,4,40.75,67.5,False,0
438,2026-02-27 19:33:36.387855,300.0,4,40.75,67.5,False,0
439,2026-02-27 19:33:46.387858,445.92700148006486,4,41.11481750370016,85.74087518500811,False,0
440,2026-02-27 19:33:56.387861,497.2642555065907,4,41.243160638766476,92.15803193832383,False,0
441,2026-02-27 19:34:06.387864,463.04997052100384,4,41.15762492630251,87.88124631512548,False,0
442,2026-02-27 19:34:16.387866,300.0,4,40.75,67.5,False,0
443,2026-02-27 19:34:26.387869,472.5835517373962,4,41.18145887934349,89.07294396717452,False,0
444,2026-02-27 19:34:36.387872,358.7605751803021,4,40.89690143795075,74.84507189753776,False,0
445,2026-02-27 19:34:46.387875,563.9677333154093,4,41.40991933328852,95.0,False,0
446,2026-02-27 19:34:56.387878,541.5330043684315,4,41.35383251092108,95.0,False,0
447,2026-02-27 19:35:06.387880,418.8364023986192,4,41.04709100599655,82.3545502998274,False,0
448,2026-02-27 19:35:16.388084,469.46612989231556,4,41.17366532473079,88.68326623653945,False,0
449,2026-02-27 19:35:26.388090,423.03587648358223,4,41.05758969120895,82.87948456044778,False,0
450,2026-02-27 19:35:36.388093,530.868407529244,4,41.32717101882311,95.0,False,0
451,2026-02-27 19:35:46.388096,640.9030226736937,4,41.602257556684236,95.0,False,0
452,2026-02-27 19:35:56.388099,455.1407357504832,4,41.13785183937621,86.8925919688104,False,0
453,2026-02-27 19:36:06.388102,612.5132982729209,4,41.5312832456823,95.0,False,0
454,2026-02-27 19:36:16.388105,517.5476167626855,4,41.29386904190672,94.69345209533569,False,0
455,2026-02-27 19:36:26.388108,499.81891075216436,4,41.24954727688041,92.47736384402054,False,0
456,2026-02-27 19:36:36.388111,577.0027040247594,4,41.442506760061896,95.0,False,0
457,2026-02-27 19:36:46.388118,492.8464210672946,4,41.23211605266824,91.60580263341183,False,0
458,2026-02-27 19:36:56.388288,549.7346295309229,4,41.37433657382731,95.0,False,0
459,2026-02-27 19:37:06.388293,494.1032871048986,4,41.235258217762244,91.76291088811232,False,0
460,2026-02-27 19:37:16.388297,819.2163216432015,4,42.048040804108005,95.0,False,0
461,2026-02-27 19:37:26.388299,635.1827076686014,4,41.587956769171505,95.0,False,0
462,2026-02-27 19:37:36.388302,570.6547448836559,4,41.426636862209136,95.0,False,0
463,2026-02-27 19:37:46.388305,671.0532067600798,4,41.6776330169002,95.0,False,0
464,2026-02-27 19:37:56.388308,647.505876180823,4,41.61876469045206,95.0,False,0
465,2026-02-27 19:38:06.388311,645.7792919801184,4,41.6144482299503,95.0,False,0
466,2026-02-27 19:38:16.388314,738.4831493242549,4,41.84620787331064,95.0,False,0
467,2026-02-27 19:38:26.388317,762.0586772482527,4,41.905146693120635,95.0,False,0
468,2026-02-27 19:38:36.388320,642.5489527599804,4,41.60637238189995,95.0,False,0
469,2026-02-27 19:38:46.388323,647.3566660196012,4,41.618391665049,95.0,False,0
470,2026-02-27 19:38:56.388326,686.8195234974976,4,41.71704880874374,95.0,False,0
471,2026-02-27 19:39:06.388329,493.5640722964546,4,41.233910180741134,91.69550903705682,False,0
472,2026-02-27 19:39:16.388332,581.7123752185763,4,41.45428093804644,95.0,False,0
473,2026-02-27 19:39:26.388335,879.4364957008554,4,42.19859123925214,95.0,False,0
474,2026-02-27 19:39:36.388338,916.8042137069037,4,42.29201053426726,95.0,False,0
475,2026-02-27 19:39:46.388340,737.0014822503531,4,41.84250370562588,95.0,False,0
476,2026-02-27 19:39:56.388343,829.1961751499313,4,42.07299043787483,95.0,False,0
477,2026-02-27 19:40:06.388346,812.3371080816396,4,42.030842770204096,95.0,False,0
478,2026-02-27 19:40:16.388349,1098.806475013038,4,42.747016187532594,95.0,False,0
479,2026-02-27 19:40:26.388352,912.6153357216557,4,42.28153833930414,95.0,False,0
480,2026-02-27 19:40:36.388356,797.6371405688244,4,41.99409285142206,95.0,False,0
481,2026-02-27 19:40:46.388359,724.675966370372,4,41.81168991592593,95.0,False,0
482,2026-02-27 19:40:56.388361,669.4149907746026,4,41.67353747693651,95.0,False,0
483,2026-02-27 19:41:06.388364,860.262541976286,4,42.150656354940715,95.0,False,0
484,2026-02-27 19:41:16.388367,774.1630399607054,4,41.935407599901765,95.0,False,0
485,2026-02-27 19:41:26.388370,717.478493406461,4,41.79369623351615,95.0,False,0
486,2026-02-27 19:41:36.388372,804.9745690881829,4,42.012436422720455,95.0,False,0
487,2026-02-27 19:41:46.388375,771.4257195313495,4,41.92856429882838,95.0,False,0
488,2026-02-27 19:41:56.388378,1058.2624377025718,4,42.64565609425643,95.0,False,0
489,2026-02-27 19:42:06.388380,987.6975157760555,4,42.46924378944014,95.0,False,0
490,2026-02-27 19:42:16.388383,908.7374703032284,4,42.27184367575807,95.0,False,0
491,2026-02-27 19:42:26.388386,1067.544685504996,4,42.66886171376249,95.0,False,0
492,2026-02-27 19:42:36.388389,937.3153944745332,4,42.34328848618633,95.0,False,0
493,2026-02-27 19:42:46.388392,853.4896006465217,4,42.1337240016163,95.0,False,0
494,2026-02-27 19:42:56.388394,1101.9794588446566,4,42.75494864711164,95.0,False,0
495,2026-02-27 19:43:06.388397,1013.6150658684423,4,42.534037664671104,95.0,False,0
496,2026-02-27 19:43:16.388400,866.0628420035373,4,42.165157105008845,95.0,False,0
497,2026-02-27 19:43:26.388403,960.8217756155277,4,42.40205443903882,95.0,False,0
498,2026-02-27 19:43:36.388405,902.3651978627593,4,42.255912994656896,95.0,False,0
499,2026-02-27 19:43:46.388408,861.7200269035661,4,42.154300067258916,95.0,False,0
